{
  "labels_3d": [
    2,
    2,
    2,
    2,
    2,
    2,
    2,
    2,
    2,
    2
  ],
  "scores_3d": [
    0.9519413113594055,
    0.9454867243766785,
    0.91030353307724,
    0.8714114427566528,
    0.8360234498977661,
    0.7960559725761414,
    0.7739535570144653,
    0.663692057132721,
    0.6451416015625,
    0.5039315819740295
  ],
  "bboxes_3d": [
    [
      14.76002311706543,
      -1.1046631336212158,
      -1.5369462966918945,
      3.7430479526519775,
      1.5423892736434937,
      1.4895946979522705,
      -0.31211698055267334
    ],
    [
      8.11514663696289,
      1.2280465364456177,
      -1.582362413406372,
      3.6384053230285645,
      1.5505306720733643,
      1.5312741994857788,
      2.8385372161865234
    ],
    [
      6.476085662841797,
      -3.8702232837677,
      -1.7342195510864258,
      3.171980381011963,
      1.5080965757369995,
      1.4378715753555298,
      -0.28266453742980957
    ],
    [
      33.60702896118164,
      -7.086616039276123,
      -1.3757083415985107,
      4.3361663818359375,
      1.7496238946914673,
      1.7403539419174194,
      2.8678226470947266
    ],
    [
      3.763349771499634,
      2.7247438430786133,
      -1.6718233823776245,
      3.645977735519409,
      1.572239875793457,
      1.5839602947235107,
      -0.26644766330718994
    ],
    [
      20.117305755615234,
      -8.442792892456055,
      -1.7342288494110107,
      2.250530242919922,
      1.4854854345321655,
      1.5234793424606323,
      -0.35693347454071045
    ],
    [
      24.954421997070312,
      -10.209050178527832,
      -1.7076570987701416,
      3.80452036857605,
      1.6182386875152588,
      1.4613428115844727,
      -0.4060739278793335
    ],
    [
      28.74993324279785,
      -1.5280263423919678,
      -1.230273723602295,
      4.148967266082764,
      1.6273548603057861,
      1.5671663284301758,
      1.2428261041641235
    ],
    [
      55.549346923828125,
      -20.306400299072266,
      -1.3921878337860107,
      4.367807865142822,
      1.7144869565963745,
      1.7603731155395508,
      2.788393497467041
    ],
    [
      40.90532302856445,
      -9.846511840820312,
      -1.3447887897491455,
      3.8703155517578125,
      1.5952237844467163,
      1.545072078704834,
      -0.3638797998428345
    ]
  ],
  "box_type_3d": "LiDAR"
}