{
  "labels_3d": [
    0,
    0,
    0,
    0,
    0,
    0,
    0,
    0,
    0,
    0,
    0,
    0,
    0,
    0,
    0,
    0,
    0,
    0,
    0,
    0,
    0,
    0,
    0,
    0,
    0,
    0,
    0,
    0,
    0,
    0,
    0,
    0,
    0,
    0,
    0,
    0,
    0,
    0,
    0,
    0,
    0,
    0,
    0,
    0,
    0,
    0
  ],
  "scores_3d": [
    0.00867482926696539,
    0.0007478354964405298,
    0.00016526057152077556,
    0.004153240937739611,
    0.013611062429845333,
    2.368199858437947e-07,
    4.753745574265222e-12,
    4.672105259097281e-13,
    0.0,
    0.018317772075533867,
    0.05016479641199112,
    1.8305299818166532e-06,
    1.6251020085178425e-08,
    2.954472256533336e-05,
    0.0029570155311375856,
    0.058961790055036545,
    0.9098466634750366,
    0.0029214017558842897,
    0.7244356274604797,
    0.014470105990767479,
    8.440478893589898e-08,
    0.0038372031413018703,
    0.00026295383577235043,
    1.8220077890873654e-08,
    3.307712631794857e-06,
    5.82398715778254e-05,
    3.4941618650918826e-05,
    1.047426849254407e-05,
    0.8952346444129944,
    0.00016109601710923016,
    1.3063087278553098e-09,
    0.3971978724002838,
    5.783132195347207e-08,
    2.269376636832021e-06,
    4.6760695113334805e-05,
    0.8167780637741089,
    0.0035278410650789738,
    0.8953357338905334,
    1.6892956409719773e-05,
    0.9085877537727356,
    6.37706762063317e-07,
    0.0006138818571344018,
    0.00011388105485821143,
    0.6848851442337036,
    0.5602510571479797,
    0.8943967819213867
  ],
  "bboxes_3d": [
    [
      66.29263305664062,
      -26.747732162475586,
      -0.9649901390075684,
      3.7762153148651123,
      1.6199580430984497,
      1.6323938369750977,
      2.6992735862731934
    ],
    [
      40.71138381958008,
      -18.34294891357422,
      -0.6877011060714722,
      3.706979513168335,
      1.5989658832550049,
      1.7001396417617798,
      3.0249481201171875
    ],
    [
      54.53063201904297,
      -17.91749382019043,
      -1.3031152486801147,
      4.12711763381958,
      1.5350208282470703,
      1.835359811782837,
      3.043551206588745
    ],
    [
      59.81946563720703,
      -16.136516571044922,
      -1.3608112335205078,
      3.8206379413604736,
      1.6000983715057373,
      1.4870247840881348,
      -2.6303796768188477
    ],
    [
      45.96953201293945,
      -6.872360706329346,
      -0.9741896390914917,
      3.8929316997528076,
      1.657083511352539,
      1.6581354141235352,
      -0.39942073822021484
    ],
    [
      63.26512908935547,
      -9.4115629196167,
      0.7643425464630127,
      4.1720428466796875,
      1.6010751724243164,
      2.0668721199035645,
      2.5653486251831055
    ],
    [
      16.982723236083984,
      -10.164470672607422,
      -0.7317138314247131,
      4.164194583892822,
      1.4373629093170166,
      1.8938976526260376,
      -1.6387677192687988
    ],
    [
      13.415153503417969,
      2.1736843585968018,
      -0.5948281288146973,
      4.473052501678467,
      1.44295072555542,
      1.650672435760498,
      -1.5550518035888672
    ],
    [
      45.516632080078125,
      -11.398390769958496,
      -6.125636100769043,
      1.6628477573394775,
      2.863319158554077,
      4.4817609786987305,
      2.876058578491211
    ],
    [
      29.061466217041016,
      -15.066656112670898,
      -3.7990894317626953,
      4.11104679107666,
      1.6585332155227661,
      1.6053798198699951,
      -3.116194725036621
    ],
    [
      59.27726745605469,
      -24.621007919311523,
      -0.7784147262573242,
      3.61946964263916,
      1.51953125,
      1.5032182931900024,
      -0.4500560760498047
    ],
    [
      41.81306838989258,
      -15.030230522155762,
      -1.0764048099517822,
      4.620288848876953,
      1.6211886405944824,
      1.7892885208129883,
      2.6038355827331543
    ],
    [
      15.356659889221191,
      4.700016975402832,
      -1.214127779006958,
      3.5071308612823486,
      1.3291501998901367,
      1.8308032751083374,
      -0.01482993271201849
    ],
    [
      69.42920684814453,
      -12.3696928024292,
      0.9091142416000366,
      3.4594290256500244,
      1.468276023864746,
      1.9271118640899658,
      -0.44875669479370117
    ],
    [
      53.23370361328125,
      -21.84992218017578,
      -1.3248538970947266,
      3.7675416469573975,
      1.5928595066070557,
      1.538482427597046,
      3.1135470867156982
    ],
    [
      34.66423416137695,
      -16.505929946899414,
      -1.4295036792755127,
      3.8015029430389404,
      1.596848487854004,
      1.5425673723220825,
      -0.4216322898864746
    ],
    [
      8.1445894241333,
      1.1812180280685425,
      -1.6152054071426392,
      3.683804512023926,
      1.5434038639068604,
      1.5787510871887207,
      2.8203299045562744
    ],
    [
      31.65869140625,
      -3.249892234802246,
      -1.299125075340271,
      3.535276174545288,
      1.5313591957092285,
      1.4119062423706055,
      -0.42824697494506836
    ],
    [
      24.898427963256836,
      -10.185904502868652,
      -1.7232463359832764,
      3.571143627166748,
      1.5904042720794678,
      1.4798839092254639,
      -0.4074268341064453
    ],
    [
      20.01296615600586,
      0.6434245705604553,
      -1.548518419265747,
      3.7776079177856445,
      1.573836326599121,
      1.518418788909912,
      2.7418363094329834
    ],
    [
      16.234756469726562,
      7.690544128417969,
      -0.8319787383079529,
      3.5972483158111572,
      1.3558661937713623,
      1.7130672931671143,
      1.1394567489624023
    ],
    [
      55.75571823120117,
      -9.17259407043457,
      -0.9739863276481628,
      4.016122817993164,
      1.7379002571105957,
      1.8997989892959595,
      0.39727136492729187
    ],
    [
      5.846743106842041,
      -5.994699001312256,
      -1.6378755569458008,
      3.314178705215454,
      1.505802869796753,
      1.453661322593689,
      -0.5229377746582031
    ],
    [
      12.806568145751953,
      -10.610076904296875,
      -1.1541078090667725,
      4.037557601928711,
      1.3689435720443726,
      1.8204669952392578,
      -1.9825220108032227
    ],
    [
      49.98651123046875,
      -17.653995513916016,
      -1.7515876293182373,
      4.091965675354004,
      1.5201456546783447,
      1.8382329940795898,
      -2.6250357627868652
    ],
    [
      33.472164154052734,
      -12.730263710021973,
      -1.6006438732147217,
      3.469733238220215,
      1.5617222785949707,
      1.4894583225250244,
      -1.0566000938415527
    ],
    [
      38.06340408325195,
      -12.032427787780762,
      -1.2964200973510742,
      3.906836986541748,
      1.6521708965301514,
      1.471516489982605,
      -1.0522451400756836
    ],
    [
      24.109561920166016,
      -2.2333590984344482,
      -1.6900193691253662,
      3.5147125720977783,
      1.519601583480835,
      1.5388259887695312,
      0.9893704652786255
    ],
    [
      6.44114875793457,
      -3.8121581077575684,
      -1.72856867313385,
      3.0070061683654785,
      1.4625639915466309,
      1.4810965061187744,
      -0.27467870712280273
    ],
    [
      20.284181594848633,
      -1.899975061416626,
      -1.640405297279358,
      3.300410747528076,
      1.473210334777832,
      1.4585305452346802,
      1.510801076889038
    ],
    [
      11.438213348388672,
      -6.845846652984619,
      -1.3281123638153076,
      3.5367624759674072,
      1.31460440158844,
      1.6506931781768799,
      1.0486894845962524
    ],
    [
      40.93611526489258,
      -9.824258804321289,
      -1.3090479373931885,
      3.691586494445801,
      1.5500178337097168,
      1.4816985130310059,
      -0.39569902420043945
    ],
    [
      18.88179588317871,
      6.7231974601745605,
      -0.7617388367652893,
      3.781695604324341,
      1.3637025356292725,
      1.7348556518554688,
      1.077148199081421
    ],
    [
      11.293671607971191,
