{
  "labels_3d": [
    0,
    0,
    0,
    0,
    0,
    0,
    0,
    0,
    0,
    0,
    0,
    0,
    0,
    0,
    0,
    0,
    0,
    0,
    0,
    0,
    0,
    0,
    0,
    0,
    0,
    0,
    0,
    0,
    0,
    0,
    0,
    0,
    0,
    0,
    0,
    0,
    0,
    0,
    0,
    0,
    0,
    0,
    0,
    0,
    0,
    0,
    0,
    0,
    0
  ],
  "scores_3d": [
    1.9956792129960377e-06,
    1.1130319776953002e-08,
    0.7886131405830383,
    5.973939778414206e-07,
    4.578244443109725e-06,
    0.002706655068323016,
    0.020302433520555496,
    0.00044600595720112324,
    6.173772999318317e-05,
    0.004364590160548687,
    3.954222799890106e-12,
    0.001648559933528304,
    0.02182435616850853,
    1.2161049944836577e-09,
    0.016942204907536507,
    4.599798558047041e-05,
    2.885973299271427e-05,
    3.920541473689809e-07,
    5.99454106122721e-05,
    0.7071239948272705,
    0.900810718536377,
    0.010690826922655106,
    0.8865706324577332,
    7.147149538866415e-10,
    1.3853893726656352e-11,
    1.1980169801972806e-05,
    8.351086762559135e-06,
    0.7146400809288025,
    9.67395772022428e-06,
    0.8581516146659851,
    1.2991550590868428e-07,
    1.3779645202660618e-09,
    0.003177113365381956,
    3.581537955099634e-09,
    1.8867373000830412e-05,
    2.7651843993226066e-05,
    0.004583508707582951,
    1.1674291755525701e-08,
    0.009179825894534588,
    0.002305572619661689,
    2.9435049953008274e-08,
    0.47128933668136597,
    2.2436491065036535e-07,
    8.458378943032585e-06,
    0.5592139363288879,
    2.405234772595577e-05,
    0.9008408188819885,
    0.004430348053574562,
    0.9012103080749512
  ],
  "bboxes_3d": [
    [
      69.9179458618164,
      -11.900532722473145,
      0.871478259563446,
      4.181289196014404,
      1.6008086204528809,
      1.9857362508773804,
      2.662343740463257
    ],
    [
      42.973365783691406,
      -13.123929023742676,
      -2.3746047019958496,
      4.688419342041016,
      1.4837515354156494,
      1.4639995098114014,
      -1.4393014907836914
    ],
    [
      3.7074944972991943,
      2.6745424270629883,
      -1.6648175716400146,
      3.8124496936798096,
      1.5713179111480713,
      1.4858784675598145,
      -0.25041770935058594
    ],
    [
      16.56172752380371,
      8.14919662475586,
      -0.8238512873649597,
      3.7685372829437256,
      1.4447734355926514,
      1.8075518608093262,
      1.1859327554702759
    ],
    [
      35.85675811767578,
      -2.001180648803711,
      -0.33143967390060425,
      4.072680473327637,
      1.5695559978485107,
      1.8420307636260986,
      0.6443474292755127
    ],
    [
      34.67445755004883,
      -16.41086769104004,
      -1.355865478515625,
      4.034502029418945,
      1.638221263885498,
      1.7011542320251465,
      -0.39851903915405273
    ],
    [
      66.26861572265625,
      -26.67383575439453,
      -0.9973247051239014,
      3.6955068111419678,
      1.5968788862228394,
      1.6125478744506836,
      2.708061933517456
    ],
    [
      54.20729064941406,
      -16.315126419067383,
      -1.0589932203292847,
      3.8299520015716553,
      1.596735954284668,
      1.764575481414795,
      3.031062126159668
    ],
    [
      31.26481056213379,
      -10.947778701782227,
      -1.7557806968688965,
      3.6964948177337646,
      1.630415916442871,
      1.4807734489440918,
      -1.0769882202148438
    ],
    [
      60.06528091430664,
      -16.19395637512207,
      -1.4290916919708252,
      3.8048415184020996,
      1.589277744293213,
      1.4751179218292236,
      -2.6344237327575684
    ],
    [
      17.590608596801758,
      -10.572090148925781,
      -1.0383565425872803,
      4.00908088684082,
      1.3277015686035156,
      1.76877760887146,
      -1.6190185546875
    ],
    [
      53.24006271362305,
      -21.748464584350586,
      -1.2234504222869873,
      3.637760877609253,
      1.4902071952819824,
      1.3863708972930908,
      3.105886459350586
    ],
    [
      29.11052894592285,
      -15.016018867492676,
      -3.77142071723938,
      4.116031646728516,
      1.662795066833496,
      1.602684497833252,
      -3.108901262283325
    ],
    [
      55.17310333251953,
      -23.022579193115234,
      -0.8751350045204163,
      4.64481258392334,
      1.7646965980529785,
      2.113335609436035,
      3.122384548187256
    ],
    [
      55.872596740722656,
      -10.097352981567383,
      -1.2821635007858276,
      4.577699184417725,
      1.895639181137085,
      2.066555976867676,
      0.10682862997055054
    ],
    [
      6.786983489990234,
      5.711055755615234,
      -1.5611006021499634,
      3.590486526489258,
      1.496497631072998,
      1.457841396331787,
      -2.583244562149048
    ],
    [
      12.906079292297363,
      3.7229974269866943,
      -1.2504862546920776,
      3.606508731842041,
      1.45393967628479,
      1.6804475784301758,
      -1.0657925605773926
    ],
    [
      46.871620178222656,
      -15.518136978149414,
      -2.016028642654419,
      4.224714279174805,
      1.522554874420166,
      1.5396069288253784,
      -1.472729206085205
    ],
    [
      62.20372772216797,
      -26.55337142944336,
      -0.0890345573425293,
      4.9748053550720215,
      1.9936330318450928,
      2.333608865737915,
      1.9614543914794922
    ],
    [
      55.21045684814453,
      -20.203285217285156,
      -1.393493413925171,
      3.8575189113616943,
      1.5920495986938477,
      1.5461883544921875,
      2.765113592147827
    ],
    [
      14.692766189575195,
      -1.087849497795105,
      -1.502075433731079,
      3.652902126312256,
      1.5823028087615967,
      1.4879000186920166,
      -0.31111669540405273
    ],
    [
      20.3641357421875,
      0.5371145606040955,
      -1.5402214527130127,
      3.688676357269287,
      1.5529515743255615,
      1.515745997428894,
      2.722555637359619
    ],
    [
      20.326162338256836,
      -8.506855964660645,
      -1.699091911315918,
      2.7575490474700928,
      1.5068185329437256,
      1.5250073671340942,
      -0.3122539520263672
    ],
    [
      13.659364700317383,
      -9.062682151794434,
      -0.7559201121330261,
      4.010526657104492,
      1.4705705642700195,
      1.8869339227676392,
      -1.5830445289611816
    ],
    [
      19.56304359436035,
      5.275523662567139,
      -0.8410282135009766,
      3.818295478820801,
      1.4490275382995605,
      1.8932225704193115,
      -0.05438748374581337
    ],
    [
      25.430219650268555,
      -1.680976152420044,
      -1.535158634185791,
      3.4522054195404053,
      1.4897348880767822,
      1.6322979927062988,
      -0.0973546952009201
    ],
    [
      40.35060501098633,
      -15.895466804504395,
      -0.9938855171203613,
      4.503415107727051,
      1.6037216186523438,
      1.7808635234832764,
      2.652329921722412
    ],
    [
      24.89038848876953,
      -10.184761047363281,
      -1.723907709121704,
      3.5125038623809814,
      1.5375385284423828,
      1.419659972190857,
      -0.4071812629699707
    ],
    [
      10.502262115478516,
      -3.7354156970977783,
      -1.4745255708694458,
      3.5333638191223145,
      1.5871127843856812,
      1.4975566864013672,
      -1.5268239974975586
    ],
    [
      33.52128219604492,
      -7.107565402984619,
      -1.2577197551727295,
      4.018202781677246,
      1.6849141120910645,
      1.6872323751449585,
      2.83864164352417
    ],
    [
      42.97978210449219,
      -4.41632604598999,
      -0.7314525246620178,
      4.0325117111206055,
      1.4871580600738525,
      1.7114251852035522,
      -2.1051316261291504
    ],
    [
      12.30759334564209,
      -10.032885551452637,
      -0.9549537301063538,
      3.895763874053955,
      1.4440912008285522,
      1.7615275382995605,
      -1.6739487648010254
    ],
    [
      31.97168731689453,
      -3.220986843109131,
      -1.3098862171173096,
      3.7652058601379395,
