{
  "labels_3d": [
    0,
    0,
    0,
    0,
    0,
    0,
    0,
    0,
    0,
    0,
    0,
    0,
    0,
    0,
    0,
    0,
    0,
    0,
    0,
    0,
    0,
    0,
    0,
    0,
    0,
    0,
    0,
    0,
    0,
    0,
    0,
    0,
    0,
    0,
    0,
    0,
    0,
    0,
    0,
    0,
    0,
    0,
    0,
    0,
    0,
    0,
    0,
    0
  ],
  "scores_3d": [
    0.03228885307908058,
    0.0049273427575826645,
    1.680039076745743e-06,
    0.006517770700156689,
    0.0047966595739126205,
    3.3715001336531714e-05,
    7.461311724910047e-06,
    0.7158458232879639,
    0.016490163281559944,
    0.001187696703709662,
    1.8908804122474976e-05,
    0.7172133922576904,
    0.010562113486230373,
    0.897196352481842,
    6.162477802718058e-06,
    1.688904305297001e-08,
    2.4043931716732914e-06,
    0.9123871326446533,
    1.5833794577702065e-06,
    4.6970482799224555e-05,
    6.942856600744562e-08,
    1.7079007648135303e-06,
    4.269786018085142e-07,
    4.636786093970002e-11,
    0.0004426572995726019,
    0.01376983430236578,
    2.574714983438753e-07,
    0.8573369383811951,
    5.234559452560461e-08,
    1.8566650396678597e-05,
    5.387441888160538e-06,
    0.9073472023010254,
    0.6342858672142029,
    0.019973307847976685,
    1.6421683540102094e-05,
    4.580739187076688e-05,
    0.0073516941629350185,
    5.748978765041102e-06,
    0.8271948099136353,
    0.4070286452770233,
    0.0035400164779275656,
    5.168926267909435e-13,
    2.522111390135251e-05,
    0.8895744681358337,
    3.2523946202900333e-08,
    6.732597768177584e-08,
    7.300450761249522e-06,
    6.211259950816839e-09
  ],
  "bboxes_3d": [
    [
      66.26656341552734,
      -26.698863983154297,
      -0.9845826029777527,
      3.7135818004608154,
      1.603358268737793,
      1.6078957319259644,
      2.7005765438079834
    ],
    [
      34.84880828857422,
      -16.16362953186035,
      -1.3254563808441162,
      3.8836748600006104,
      1.6013855934143066,
      1.6287012100219727,
      -0.13641108572483063
    ],
    [
      69.64378356933594,
      -11.901453971862793,
      0.6601417064666748,
      4.316493988037109,
      1.6676726341247559,
      2.125,
      2.6673948764801025
    ],
    [
      58.52778244018555,
      -16.076404571533203,
      -1.292292594909668,
      3.9123637676239014,
      1.5746402740478516,
      1.4884350299835205,
      2.517817258834839
    ],
    [
      59.138999938964844,
      -24.75379753112793,
      -0.6980087757110596,
      3.711829662322998,
      1.5404016971588135,
      1.5470478534698486,
      2.661410331726074
    ],
    [
      9.37523365020752,
      3.5969700813293457,
      -1.5054051876068115,
      3.425201416015625,
      1.38423752784729,
      1.4481472969055176,
      2.60481333732605
    ],
    [
      39.214271545410156,
      -6.48974084854126,
      -1.2772712707519531,
      3.6342804431915283,
      1.4546138048171997,
      1.6618821620941162,
      2.641916275024414
    ],
    [
      55.193241119384766,
      -20.10373878479004,
      -1.379369854927063,
      3.7442941665649414,
      1.5676844120025635,
      1.538191556930542,
      2.809574842453003
    ],
    [
      29.175586700439453,
      -15.00841236114502,
      -3.775557041168213,
      4.148523330688477,
      1.6758294105529785,
      1.6327197551727295,
      -3.1109871864318848
    ],
    [
      31.448993682861328,
      -2.646063804626465,
      -1.1708611249923706,
      3.7413833141326904,
      1.5170421600341797,
      1.3943098783493042,
      1.0027718544006348
    ],
    [
      6.206029415130615,
      -1.0727607011795044,
      -1.6721925735473633,
      3.2810707092285156,
      1.3956382274627686,
      1.4143791198730469,
      -1.580850601196289
    ],
    [
      25.071340560913086,
      -10.13100528717041,
      -1.7652227878570557,
      3.7214953899383545,
      1.6356582641601562,
      1.4916075468063354,
      -0.38922119140625
    ],
    [
      52.82662582397461,
      -21.670269012451172,
      -1.1538362503051758,
      3.8465025424957275,
      1.5473484992980957,
      1.4297478199005127,
      3.0679140090942383
    ],
    [
      20.27747917175293,
      -8.536523818969727,
      -1.7082571983337402,
      2.7217180728912354,
      1.5612220764160156,
      1.5941722393035889,
      -0.31946277618408203
    ],
    [
      63.04952621459961,
      -9.522293090820312,
      0.6523148417472839,
      4.153899669647217,
      1.6442906856536865,
      1.9899321794509888,
      2.5762264728546143
    ],
    [
      15.085038185119629,
      -7.854284763336182,
      -1.0278987884521484,
      3.811974287033081,
      1.2762771844863892,
      1.7232158184051514,
      -2.06113862991333
    ],
    [
      42.3983039855957,
      -15.290534973144531,
      -1.1531314849853516,
      4.385467052459717,
      1.5781173706054688,
      1.7006583213806152,
      2.6070005893707275
    ],
    [
      8.155482292175293,
      1.2153445482254028,
      -1.573630928993225,
      3.7151286602020264,
      1.5478999614715576,
      1.5028561353683472,
      2.8203017711639404
    ],
    [
      54.42934799194336,
      -14.724625587463379,
      -1.133946418762207,
      3.920327663421631,
      1.5597472190856934,
      1.8826079368591309,
      3.1254594326019287
    ],
    [
      39.64970016479492,
      -2.2227165699005127,
      -0.6489056944847107,
      3.9027092456817627,
      1.573925256729126,
      1.7512270212173462,
      2.653860092163086
    ],
    [
      15.082385063171387,
      7.0469160079956055,
      -1.0124865770339966,
      3.5172834396362305,
      1.3251458406448364,
      1.6941967010498047,
      1.5638000965118408
    ],
    [
      49.982059478759766,
      -17.733739852905273,
      -1.7574729919433594,
      4.091170310974121,
      1.5066828727722168,
      1.8612453937530518,
      -3.0933706760406494
    ],
    [
      11.641561508178711,
      6.912970066070557,
      -1.0199788808822632,
      3.738699197769165,
      1.428898811340332,
      1.7577495574951172,
      0.4904527962207794
    ],
    [
      23.145057678222656,
      -0.055505458265542984,
      -0.8921614289283752,
      3.6646203994750977,
      1.5303523540496826,
      1.9208563566207886,
      0.5138270258903503
    ],
    [
      40.41013717651367,
      -18.34512710571289,
      -0.7574068903923035,
      3.7804625034332275,
      1.6423509120941162,
      1.710203766822815,
      3.092322826385498
    ],
    [
      55.507747650146484,
      -9.757323265075684,
      -1.3653264045715332,
      4.513144493103027,
      1.882118582725525,
      2.090264320373535,
      0.06511731445789337
    ],
    [
      17.81368064880371,
      7.186703681945801,
      -0.7719247937202454,
      3.8113906383514404,
      1.4658244848251343,
      1.8451766967773438,
      -0.1386880725622177
    ],
    [
      33.49916076660156,
      -7.0864386558532715,
      -1.2390079498291016,
      3.934738874435425,
      1.6503620147705078,
      1.5630629062652588,
      2.8365299701690674
    ],
    [
      12.417784690856934,
      -9.979774475097656,
      -1.1216574907302856,
      4.1914215087890625,
      1.4798014163970947,
      1.7784137725830078,
      -1.617138385772705
    ],
    [
      38.324546813964844,
      -12.095172882080078,
      -1.2093067169189453,
      3.879056453704834,
      1.5915480852127075,
      1.4489359855651855,
      -1.037297248840332
    ],
    [
      11.026820182800293,
      -1.5886056423187256,
      -1.51377272605896,
      3.7005455493927,
      1.3623496294021606,
      1.3363032341003418,
      -1.078648567199707
    ],
    [
      14.703944206237793,
      -1.080210566520691,
      -1.512244701385498,
      3.6064488887786865,
      1.5665779113769531,
      1.4723694324493408,
      -0.31709718704223633
    ],
    [
      28.805294036865234,
      -1.3760359287261963,
      -0.9733924269676208,
      4.051318168640137,
      1.561194896697998,
