{"labels_3d": [0, 0, 0, 0, 0, 0, 0, 0, 0, 0, 0, 0, 0, 0, 0, 0, 0, 0, 0, 0, 0, 0, 0, 0, 0, 0, 0, 0, 0, 0, 0, 0, 0, 0, 0, 0, 0, 0, 0, 0, 0, 0, 0, 0, 0, 0], "scores_3d": [0.7866820096969604, 1.903742258946295e-06, 7.332892710110173e-05, 1.6318803318426944e-05, 0.021425705403089523, 0.006423983722925186, 0.005713232792913914, 0.9168660044670105, 3.994585995314992e-07, 0.0007580752717331052, 0.9089763164520264, 5.1240976972621866e-06, 0.7424978613853455, 0.002125383820384741, 0.00016216296353377402, 0.8820724487304688, 1.2223470548633486e-05, 0.012466308660805225, 7.199163974291878e-06, 0.01563146524131298, 0.0004528521385509521, 0.00010888372344197705, 6.025386412034095e-09, 2.4280567045343628e-14, 0.6954345703125, 3.9673264836892486e-05, 0.012570817954838276, 0.02902398817241192, 0.8552037477493286, 0.6194339990615845, 1.1136100397379778e-07, 0.0007110378355719149, 5.478181719809072e-06, 2.9891568829043536e-06, 4.993819311494008e-05, 0.003634813940152526, 0.9018444418907166, 0.4237772822380066, 1.6569445506320335e-05, 4.308128964680691e-09, 2.005444343922136e-07, 0.009560572914779186, 1.8244998045702232e-06, 9.257826150133042e-08, 8.662034815642983e-06, 2.5801502488320693e-05], "bboxes_3d": [[3.7554123401641846, 2.688262939453125, -1.6049087047576904, 3.7944633960723877, 1.5659329891204834, 1.4849321842193604, -0.29044198989868164], [69.88678741455078, -11.705667495727539, 0.6110777854919434, 4.191986560821533, 1.6332279443740845, 2.07273530960083, -0.4450712203979492], [25.395084381103516, -1.5563607215881348, -1.413420557975769, 3.5945351123809814, 1.5033962726593018, 1.6202812194824219, -0.043627168983221054], [29.89241600036621, -11.219488143920898, -2.1114308834075928, 3.4912891387939453, 1.5366475582122803, 1.43521249294281, -1.4894509315490723], [66.26466369628906, -26.688316345214844, -0.9968562126159668, 3.7025508880615234, 1.5992670059204102, 1.6208349466323853, 2.7074670791625977], [34.635765075683594, -16.470205307006836, -1.5032260417938232, 3.8055388927459717, 1.584113597869873, 1.5258655548095703, -0.41042566299438477], [58.97422409057617, -16.50575828552246, -1.3109631538391113, 3.7736639976501465, 1.5581767559051514, 1.4573265314102173, 2.5279130935668945], [14.716434478759766, -1.1083706617355347, -1.4888920783996582, 3.667754650115967, 1.5736382007598877, 1.4616363048553467, -0.3143930435180664], [43.22711181640625, -12.635506629943848, -0.8667769432067871, 3.7238452434539795, 1.4829704761505127, 1.448926329612732, -0.5966300964355469], [53.34407043457031, -22.54701805114746, -1.0937886238098145, 3.6541550159454346, 1.4863765239715576, 1.417007327079773, 2.635629177093506], [8.116376876831055, 1.175855278968811, -1.5454094409942627, 3.7190756797790527, 1.527104139328003, 1.5005654096603394, 2.8372936248779297], [35.828338623046875, -1.9316142797470093, -0.24506676197052002, 3.867563009262085, 1.4966078996658325, 1.7084691524505615, 0.5583140850067139], [55.323814392089844, -20.22292709350586, -1.3675181865692139, 4.080741882324219, 1.6499722003936768, 1.5602178573608398, 2.739211320877075], [8.273181915283203, -8.383292198181152, -1.7216962575912476, 3.5177414417266846, 1.5442521572113037, 1.4841912984848022, 1.174757480621338], [9.125205039978027, 3.8279948234558105, -1.433777093887329, 3.6395914554595947, 1.4629751443862915, 1.4364269971847534, 2.6772894859313965], [20.28205680847168, -8.554201126098633, -1.6884108781814575, 2.6520586013793945, 1.5283212661743164, 1.5744705200195312, -0.3262457847595215], [54.51441192626953, -14.649083137512207, -1.027331829071045, 3.816957712173462, 1.5728802680969238, 1.8495432138442993, 3.1014857292175293], [59.09432601928711, -24.939722061157227, -0.6431604623794556, 3.6715970039367676, 1.517153263092041, 1.5000276565551758, 2.6356472969055176], [63.13091278076172, -9.545919418334961, 0.7378541231155396, 4.302851676940918, 1.7212592363357544, 2.0840017795562744, 2.5929675102233887], [29.281665802001953, -14.976332664489746, -3.784241199493408, 4.154776573181152, 1.6666920185089111, 1.620421290397644, -3.1096508502960205], [6.034481048583984, -6.178037166595459, -1.636467456817627, 3.2800800800323486, 1.4966208934783936, 1.4331352710723877, -0.527740478515625], [24.032289505004883, -8.29765796661377, -1.6223353147506714, 3.720313787460327, 1.651607871055603, 1.4676705598831177, -0.029209239408373833], [16.4849796295166, 1.2125872373580933, -1.163293480873108, 4.002320289611816, 1.3980340957641602, 1.9091627597808838, -0.4784083366394043], [17.299217224121094, -8.79038143157959, -0.6867607831954956, 4.252035140991211, 1.4403902292251587, 1.8876821994781494, -0.47861766815185547], [28.786495208740234, -1.3503798246383667, -0.9521483778953552, 4.080949783325195, 1.5948933362960815, 1.4456329345703125, 1.2710715532302856], [38.84876251220703, -6.759554862976074, -1.2729644775390625, 3.744520902633667, 1.4957152605056763, 1.6494258642196655, -0.044862955808639526], [55.46885299682617, -9.722358703613281, -1.2568316459655762, 4.322332382202148, 1.8382024765014648, 2.0062882900238037, 1.700514316558838], [45.999210357666016, -7.008719444274902, -1.018531084060669, 3.9649388790130615, 1.6670117378234863, 1.657832384109497, -0.39885711669921875], [33.60149383544922, -7.0361714363098145, -1.314120888710022, 4.148714542388916, 1.7217326164245605, 1.6239495277404785, 2.923957109451294], [24.737220764160156, -10.248018264770508, -1.7638424634933472, 3.509343147277832, 1.5494766235351562, 1.4483935832977295, -0.5375728607177734], [15.22968864440918, 6.8747172355651855, -0.971348226070404, 3.7423055171966553, 1.4092082977294922, 1.687174677848816, 1.4548685550689697], [40.298526763916016, -18.24224090576172, -0.7777564525604248, 3.7733495235443115, 1.5816383361816406, 1.650857925415039, 3.1009223461151123], [13.654809951782227, -10.668286323547363, -1.3794571161270142, 4.077426910400391, 1.4016218185424805, 1.8301401138305664, -1.689413070678711], [49.85089874267578, -17.64650535583496, -1.7845127582550049, 4.059155464172363, 1.5402371883392334, 1.844986081123352, -2.6116185188293457], [18.037796020507812, -3.3354954719543457, -1.3856289386749268, 3.708034038543701, 1.5899736881256104, 1.459035038948059, -1.0409345626831055], [31.627302169799805, -2.8066225051879883, -1.2015191316604614, 3.685675859451294, 1.5136327743530273, 1.3900240659713745, -0.442136287689209], [6.470582962036133, -3.829312562942505, -1.7175514698028564, 2.968331813812256, 1.4367023706436157, 1.4451773166656494, -0.276273250579834], [40.948036193847656, -9.814947128295898, -1.2969355583190918, 3.7883472442626953, 1.587357521057129, 1.5146372318267822, -0.4062929153442383], [55.033668518066406, -16.706296920776367, -1.1366806030273438, 4.1309895515441895, 1.6138806343078613, 1.937493085861206, 3.0311038494110107], [41.829505920410156, -3.4398293495178223, 0.12439197301864624, 4.235909461975098, 1.6461725234985352, 1.856650471687317, -2.035001754760742], [39.104042053222656, -2.239274024963379, -0.2777959704399109, 3.652848243713379, 1.467968225479126, 1.5792180299758911, 2.6187119483947754], [20.361421585083008, 0.8983362913131714, -1.5094804763793945, 3.711775541305542, 1.57200288772583, 1.5245407819747925, 1.1312947273254395], [62.327938079833984, -26.315101623535156, -0.22976958751678467, 4.859414100646973, 2.082115411758423, 2.7450222969055176, 2.190049409866333], [18.12445068359375, 6.656322956085205, -0.6981980204582214, 4.162047386169434, 1.632856845855713, 1.937099575996399, 2.774848461151123], [6.402463912963867, 6.335400104522705, -1.7719120979309082, 3.941218614578247, 1.5767765045166016, 1.9964746236801147, -2.5694751739501953], [6.7400383949279785, -0.865005373954773, -1.72953200340271, 3.37221622467041, 1.4013440608978271, 1.4211891889572144, -1.5592641830444336]], "box_type_3d": "LiDAR"}